<?xml version="1.0" encoding="utf-8" ?>
  <Description>
    <InfFile>
      mtkwlux.inf
    </InfFile>
    <Architecture>
      AMD64
    </Architecture>
    <DeviceDesc>
      <DDS_0>
        802.11n USB Wireless LAN Card
      </DDS_0>
    </DeviceDesc>
    <FriendlyName>
      802.11n USB Wireless LAN Card
    </FriendlyName>
    <ClassDev>
      Net
    </ClassDev>
    <ClassDesc>
      网络适配器
    </ClassDesc>
    <Mfg>
      MediaTek, Inc.
    </Mfg>
    <Provider>
      MediaTek, Inc.
    </Provider>
    <ClassGUID>
      {4d36e972-e325-11ce-bfc1-08002be10318}
    </ClassGUID>
    <WindowsVersion>
      10.0.17134
    </WindowsVersion>
    <HardwareID>
      <HID_0>
        USB\VID_0E8D&amp;PID_760C&amp;REV_0001
      </HID_0>
      <HID_1>
        USB\VID_0E8D&amp;PID_760C
      </HID_1>
    </HardwareID>
    <HardwareCompatibleIDs>
      <CID_0>
        USB\Class_FF&amp;SubClass_FF&amp;Prot_FF
      </CID_0>
      <CID_1>
        USB\Class_FF&amp;SubClass_FF
      </CID_1>
      <CID_2>
        USB\Class_FF
      </CID_2>
    </HardwareCompatibleIDs>
    <DriverCompatibleIDs>
      <DID_0>
        USB\VID_0E8D&amp;PID_760C
      </DID_0>
    </DriverCompatibleIDs>
    <DriverCompatibleIDsNames>
      <DIM_0>
        802.11n USB Wireless LAN Card
      </DIM_0>
    </DriverCompatibleIDsNames>
    <DriverDate>
      2015-04-27
    </DriverDate>
    <DriverVersion>
      10.0.2.52
    </DriverVersion>
    <MatchingDeviceID>
      <MID_0>
        usb\vid_0e8d&amp;pid_760c
      </MID_0>
    </MatchingDeviceID>
    <DigitallySigned>
      1
    </DigitallySigned>
    <WindowsDefaultDriver>
      0
    </WindowsDefaultDriver>
  </Description>
